{"cameraMode":{"drawMode":0,"name":"Shaded","section":"Shading Mode"},"sceneLighting":true,"audioPlay":false,"sceneViewState":{"showFog":false,"showMaterialUpdate":false,"showSkybox":false,"showFlares":false,"showImageEffects":false,"showParticleSystems":false},"in2DMode":false,"pivot":{"x":-5.712459564208984,"y":0.043759822845458987,"z":-3.74383544921875},"rotation":{"x":-0.1850879192352295,"y":-0.2141762375831604,"z":0.04136916622519493,"w":-0.9582094550132752},"size":3.353123903274536,"orthographic":false}